<?xml version="1.0" encoding="UTF-8"?>
<!DOCTYPE entry SYSTEM "SamplesInfo.dtd">
<entry>
    <name>simpleZeroCopy</name>
    <description><![CDATA[This sample illustrates how to use Zero MemCopy, kernels can read and write directly to pinned system memory.]]></description>
    <whitepaper>doc\CUDA2.2PinnedMemoryAPIs.pdf</whitepaper>
    <supported_sm_architectures>
        <include>all</include>
    </supported_sm_architectures>
    <keywords></keywords>
    <scope>1:CUDA Basic Topics,1:Performance Strategies</scope>
    <files>
    </files>
    <cudaapi>cudaEventCreate</cudaapi>
    <cudaapi>cudaEventRecord</cudaapi>
    <cudaapi>cudaEventQuery</cudaapi>
    <cudaapi>cudaEventDestroy</cudaapi>
    <cudaapi>cudaEventElapsedTime</cudaapi>
    <cudaapi>cudaHostAlloc</cudaapi>
    <cudaapi>cudaHostGetDevicePointer</cudaapi>
    <cudaapi>cudaHostRegister</cudaapi>
    <cudaapi>cudaHostUnregister</cudaapi>
    <cudaapi>cudaFreeHost</cudaapi>
    <keyconcepts level="basic">Performance Strategies</keyconcepts>
    <keyconcepts level="basic">Pinned System Paged Memory</keyconcepts>
    <keyconcepts level="basic">Vector Addition</keyconcepts>
    <include-path>./</include-path>
    <include-path>../</include-path>
    <include-path>../../common/inc</include-path>
    <devicecompilation>whole</devicecompilation>
    <sm-arch>sm20</sm-arch>
    <sm-arch>sm30</sm-arch>
    <sm-arch>sm32</sm-arch>
    <sm-arch>sm35</sm-arch>
    <sm-arch>sm37</sm-arch>
    <sm-arch>sm50</sm-arch>
    <sm-arch>sm52</sm-arch>
    <sm-arch>sm53</sm-arch>
    <type>exe</type>
    <primary-file>simpleZeroCopy.cu</primary-file>
    <supported-env>linux:x86_64, linux:i686, windows7, macosx:x86_64, macosx:i686, :arm, linux:ppc64le</supported-env>
</entry>
