<?xml version="1.0" encoding="UTF-8"?>
<!DOCTYPE entry SYSTEM "SamplesInfo.dtd">
<entry>
    <name>asyncAPI</name>
    <description><![CDATA[This sample uses CUDA streams and events to overlap execution on CPU and GPU.]]></description>
    <whitepaper></whitepaper>
    <supported_sm_architectures>
        <include>all</include>
    </supported_sm_architectures>
    <keywords>GPGPU</keywords>
    <scope>1:CUDA Basic Topics,1:Performance Strategies</scope>
    <files>
    </files>
    <cudaapi>cudaEventCreate</cudaapi>
    <cudaapi>cudaEventRecord</cudaapi>
    <cudaapi>cudaEventQuery</cudaapi>
    <cudaapi>cudaEventDestroy</cudaapi>
    <cudaapi>cudaEventElapsedTime</cudaapi>
    <cudaapi>cudaMemcpyAsync</cudaapi>
    <keyconcepts level="basic">Asynchronous Data Transfers</keyconcepts>
    <keyconcepts level="basic">CUDA Streams and Events</keyconcepts>
    <include-path>./</include-path>
    <include-path>../</include-path>
    <include-path>../../common/inc</include-path>
    <devicecompilation>whole</devicecompilation>
    <sm-arch>sm20</sm-arch>
    <sm-arch>sm30</sm-arch>
    <sm-arch>sm32</sm-arch>
    <sm-arch>sm35</sm-arch>
    <sm-arch>sm37</sm-arch>
    <sm-arch>sm50</sm-arch>
    <sm-arch>sm52</sm-arch>
    <sm-arch>sm53</sm-arch>
    <type>exe</type>
    <primary-file>asyncAPI.cu</primary-file>
    <supported-env>linux:x86_64, linux:i686, windows7, macosx:x86_64, macosx:i686, :arm, linux:ppc64le</supported-env>
</entry>
