<?xml version="1.0" encoding="UTF-8"?>
<!DOCTYPE entry SYSTEM "SamplesInfo.dtd">
<entry>
    <name>Simple Templates with libNVRTC</name>
    <description><![CDATA[This sample is a templatized version of the template project. It also shows how to correctly templatize dynamically allocated shared memory arrays.]]></description>
    <whitepaper></whitepaper>
    <supported_sm_architectures>
        <include>all</include>
    </supported_sm_architectures>
    <keywords>libNVRTC</keywords>
    <scope>1:CUDA Basic Topics</scope>
    <files>
    </files>
    <cudaapi></cudaapi>
    <keyconcepts level="basic">C++ Templates</keyconcepts>
    <keyconcepts level="advanced">Runtime Compilation</keyconcepts>
    <library os="linux">cuda</library>
    <library os="windows">cuda</library>
    <library os="macosx" framework="true">CUDA</library>
    <library>nvrtc</library>
    <include-path>./</include-path>
    <include-path>../</include-path>
    <include-path>../../common/inc</include-path>
    <include-path>$(CUDA_PATH)/include</include-path>
    <devicecompilation>whole</devicecompilation>
    <type>exe</type>
    <primary-file>simpleTemplates.cpp</primary-file>
    <required_dependencies>
        <dependency>NVRTC</dependency>
    </required_dependencies>
    <supported-env>linux:x86_64, windows7:x86_64, macosx:x86_64, linux:ppc64le</supported-env>
    <no-nsight-eclipse/>
</entry>
