<?xml version="1.0" encoding="UTF-8"?>
<!DOCTYPE entry SYSTEM "SamplesInfo.dtd">
<entry>
    <name>Simple Vote Intrinsics</name>
    <description><![CDATA[Simple program which demonstrates how to use the Vote (any, all) intrinsic instruction in a CUDA kernel.  Requires Compute Capability 2.0 or higher.]]></description>
    <whitepaper></whitepaper>
    <supported_sm_architectures>
        <include>all</include>
    </supported_sm_architectures>
    <keywords>CUDA,GPGPU,vote</keywords>
    <scope>1:CUDA Basic Topics</scope>
    <files>
    </files>
    <cudaapi>cudaMallco</cudaapi>
    <cudaapi>cudaFree</cudaapi>
    <cudaapi>cudaMemcpy</cudaapi>
    <cudaapi>cudaFreeHost</cudaapi>
    <keyconcepts level="basic">Vote Intrinsics</keyconcepts>
    <include-path>./</include-path>
    <include-path>../</include-path>
    <include-path>../../common/inc</include-path>
    <devicecompilation>whole</devicecompilation>
    <sm-arch>sm20</sm-arch>
    <sm-arch>sm30</sm-arch>
    <sm-arch>sm32</sm-arch>
    <sm-arch>sm35</sm-arch>
    <sm-arch>sm37</sm-arch>
    <sm-arch>sm50</sm-arch>
    <sm-arch>sm52</sm-arch>
    <sm-arch>sm53</sm-arch>
    <type>exe</type>
    <primary-file>simpleVoteIntrinsics.cu</primary-file>
    <supported-env>linux:x86_64, linux:i686, windows7, macosx:x86_64, macosx:i686, :arm, linux:ppc64le</supported-env>
</entry>
