<?xml version="1.0" encoding="UTF-8"?>
<!DOCTYPE entry SYSTEM "SamplesInfo.dtd">
<entry>
    <name>CUDA Separable Convolution</name>
    <description><![CDATA[This sample implements a separable convolution filter of a 2D signal with a gaussian kernel.]]></description>
    <whitepaper>doc\convolutionSeparable.pdf</whitepaper>
    <supported_sm_architectures>
        <include>all</include>
    </supported_sm_architectures>
    <keywords>CUDA,DSP,separable convolution,finite impulse-response filter,Image Processing</keywords>
    <scope>1:CUDA Basic Topics,1:Data-Parallel Algorithms,3:Linear Algebra,2:Image Processing,2:Computer Vision</scope>
    <files>
    </files>
    <cudaapi></cudaapi>
    <keyconcepts level="basic">Image Processing</keyconcepts>
    <keyconcepts level="basic">Data Parallel Algorithms</keyconcepts>
    <include-path>./</include-path>
    <include-path>../</include-path>
    <include-path>../../common/inc</include-path>
    <devicecompilation>whole</devicecompilation>
    <sm-arch>sm20</sm-arch>
    <sm-arch>sm30</sm-arch>
    <sm-arch>sm32</sm-arch>
    <sm-arch>sm35</sm-arch>
    <sm-arch>sm37</sm-arch>
    <sm-arch>sm50</sm-arch>
    <sm-arch>sm52</sm-arch>
    <sm-arch>sm53</sm-arch>
    <type>exe</type>
    <primary-file>main.cpp</primary-file>
    <supported-env>linux:x86_64, linux:i686, windows7, macosx:x86_64, macosx:i686, :arm, linux:ppc64le</supported-env>
</entry>
