<?xml version="1.0" encoding="UTF-8"?>
<!DOCTYPE entry SYSTEM "SamplesInfo.dtd">
<entry>
    <name>Simple CUDA Callbacks</name>
    <description><![CDATA[This sample implements multi-threaded heterogeneous computing workloads with the new CPU callbacks for CUDA streams and events introduced with CUDA 5.0.]]></description>
    <whitepaper></whitepaper>
    <supported_sm_architectures>
        <include>all</include>
    </supported_sm_architectures>
    <keywords>CUDA</keywords>
    <scope>1:CUDA Basic Topics,1:Performance Strategies</scope>
    <files>
    </files>
    <cudaapi>cudaStreamCreate</cudaapi>
    <cudaapi>cudaMemcpyAsync</cudaapi>
    <cudaapi>cudaStreamAddCallback</cudaapi>
    <cudaapi>cudaStreamDestroy</cudaapi>
    <keyconcepts level="basic">CUDA Streams</keyconcepts>
    <keyconcepts level="basic">Callback Functions</keyconcepts>
    <keyconcepts level="basic">Multithreading</keyconcepts>
    <include-path>./</include-path>
    <include-path>../</include-path>
    <include-path>../../common/inc</include-path>
    <devicecompilation>whole</devicecompilation>
    <sm-arch>sm20</sm-arch>
    <sm-arch>sm30</sm-arch>
    <sm-arch>sm32</sm-arch>
    <sm-arch>sm35</sm-arch>
    <sm-arch>sm37</sm-arch>
    <sm-arch>sm50</sm-arch>
    <sm-arch>sm52</sm-arch>
    <sm-arch>sm53</sm-arch>
    <type>exe</type>
    <primary-file>simpleCallback.cu</primary-file>
    <supported-env>linux:x86_64, linux:i686, windows7, macosx:x86_64, macosx:i686, :arm, linux:ppc64le</supported-env>
</entry>
