<?xml version="1.0" encoding="UTF-8"?>
<!DOCTYPE entry SYSTEM "SamplesInfo.dtd">
<entry>
    <name>Vector Addition with libNVRTC</name>
    <description><![CDATA[This CUDA Driver API sample uses NVRTC for runtime compilation of vector addition kernel. Vector addition kernel demonstrated is the same as the sample illustrating Chapter 3 of the programming guide.]]></description>
    <whitepaper></whitepaper>
    <supported_sm_architectures>
        <include>all</include>
    </supported_sm_architectures>
    <keywords>Linear Algebra,libNVRTC</keywords>
    <scope>1:CUDA Basic Topics,3:Linear Algebra</scope>
    <files>
    </files>
    <cudaapi>cuMemAlloc</cudaapi>
    <cudaapi>cuMemFree</cudaapi>
    <cudaapi>cuMemcpyHtoD</cudaapi>
    <cudaapi>cuMemcpyDtoH</cudaapi>
    <keyconcepts level="basic">CUDA Driver API</keyconcepts>
    <keyconcepts level="basic">Vector Addition</keyconcepts>
    <keyconcepts level="advanced">Runtime Compilation</keyconcepts>
    <library os="linux">cuda</library>
    <library os="windows">cuda</library>
    <library os="macosx" framework="true">CUDA</library>
    <library>nvrtc</library>
    <include-path>./</include-path>
    <include-path>../</include-path>
    <include-path>../../common/inc</include-path>
    <include-path>$(CUDA_PATH)/include</include-path>
    <devicecompilation>whole</devicecompilation>
    <type>exe</type>
    <primary-file>vectorAdd.cu</primary-file>
    <required_dependencies>
        <dependency>NVRTC</dependency>
    </required_dependencies>
    <supported-env>linux:x86_64, windows7:x86_64, macosx:x86_64, linux:ppc64le</supported-env>
    <no-nsight-eclipse/>
</entry>
