<?xml version="1.0" encoding="UTF-8"?>
<!DOCTYPE entry SYSTEM "SamplesInfo.dtd">
<entry>
    <name>Vector Addition</name>
    <description><![CDATA[This CUDA Runtime API sample is a very basic sample that implements element by element vector addition. It is the same as the sample illustrating Chapter 3 of the programming guide with some additions like error checking.]]></description>
    <whitepaper></whitepaper>
    <supported_sm_architectures>
        <include>all</include>
    </supported_sm_architectures>
    <keywords>Linear Algebra</keywords>
    <scope>1:CUDA Basic Topics,3:Linear Algebra</scope>
    <files>
    </files>
    <cudaapi>cudaEventCreate</cudaapi>
    <cudaapi>cudaEventRecord</cudaapi>
    <cudaapi>cudaEventQuery</cudaapi>
    <cudaapi>cudaEventDestroy</cudaapi>
    <cudaapi>cudaEventElapsedTime</cudaapi>
    <cudaapi>cudaEventSynchronize</cudaapi>
    <cudaapi>cudaMalloc</cudaapi>
    <cudaapi>cudaFree</cudaapi>
    <cudaapi>cudaMemcpy</cudaapi>
    <keyconcepts level="basic">CUDA Runtime API</keyconcepts>
    <keyconcepts level="basic">Vector Addition</keyconcepts>
    <include-path>./</include-path>
    <include-path>../</include-path>
    <include-path>../../common/inc</include-path>
    <devicecompilation>whole</devicecompilation>
    <sm-arch>sm20</sm-arch>
    <sm-arch>sm30</sm-arch>
    <sm-arch>sm32</sm-arch>
    <sm-arch>sm35</sm-arch>
    <sm-arch>sm37</sm-arch>
    <sm-arch>sm50</sm-arch>
    <sm-arch>sm52</sm-arch>
    <sm-arch>sm53</sm-arch>
    <type>exe</type>
    <primary-file>vectorAdd.cu</primary-file>
    <supported-env>linux:x86_64, linux:i686, windows7, macosx:x86_64, macosx:i686, :arm, linux:ppc64le</supported-env>
</entry>
