<?xml version="1.0" encoding="UTF-8"?>
<!DOCTYPE entry SYSTEM "SamplesInfo.dtd">
<entry>
    <name>Simple Quicksort (CUDA Dynamic Parallelism)</name>
    <description><![CDATA[This sample demonstrates simple quicksort implemented using CUDA Dynamic Parallelism.  This sample requires devices with compute capability 3.5 or higher.]]></description>
    <whitepaper></whitepaper>
    <supported_sm_architectures>
        <from>3.5</from>
    </supported_sm_architectures>
    <keywords>CUDA,CDP,GPGPU</keywords>
    <scope>1:CUDA Basic Topics</scope>
    <files>
    </files>
    <cudaapi></cudaapi>
    <keyconcepts level="advanced">CUDA Dynamic Parallelism</keyconcepts>
    <library>cudadevrt</library>
    <include-path>./</include-path>
    <include-path>../</include-path>
    <include-path>../../common/inc</include-path>
    <devicecompilation></devicecompilation>
    <sm-arch>sm35</sm-arch>
    <sm-arch>sm37</sm-arch>
    <sm-arch>sm50</sm-arch>
    <sm-arch>sm52</sm-arch>
    <sm-arch>sm53</sm-arch>
    <type>exe</type>
    <primary-file>cdpSimpleQuicksort.cu</primary-file>
    <required_dependencies>
        <dependency>CDP</dependency>
    </required_dependencies>
    <supported-env>linux:x86_64, linux:i686, windows7, macosx:x86_64, macosx:i686, :arm, linux:ppc64le</supported-env>
</entry>
