<?xml version="1.0" encoding="UTF-8"?>
<!DOCTYPE entry SYSTEM "SamplesInfo.dtd">
<entry>
    <name>Stereo Disparity Computation (SAD SIMD Intrinsics)</name>
    <description><![CDATA[A CUDA program that demonstrates how to compute a stereo disparity map using SIMD SAD (Sum of Absolute Difference) intrinsics.  Requires Compute Capability 2.0 or higher.]]></description>
    <whitepaper></whitepaper>
    <supported_sm_architectures>
        <include>all</include>
    </supported_sm_architectures>
    <keywords>CUDA,GPGPU,atomic</keywords>
    <scope>2:Graphics Interop,1:CUDA Advanced Topics,2:Image Processing</scope>
    <files>
        <file>data\stereo.im0.640x533.ppm</file>
        <file>data\stereo.im1.640x533.ppm</file>
    </files>
    <cudaapi></cudaapi>
    <keyconcepts level="advanced">Image Processing</keyconcepts>
    <keyconcepts level="advanced">Video Intrinsics</keyconcepts>
    <include-path>./</include-path>
    <include-path>../</include-path>
    <include-path>../../common/inc</include-path>
    <devicecompilation>whole</devicecompilation>
    <sm-arch>sm20</sm-arch>
    <sm-arch>sm30</sm-arch>
    <sm-arch>sm32</sm-arch>
    <sm-arch>sm35</sm-arch>
    <sm-arch>sm37</sm-arch>
    <sm-arch>sm50</sm-arch>
    <sm-arch>sm52</sm-arch>
    <sm-arch>sm53</sm-arch>
    <type>exe</type>
    <primary-file>stereoDisparity.cu</primary-file>
    <supported-env>linux:x86_64, linux:i686, windows7, macosx:x86_64, macosx:i686, :arm, linux:ppc64le</supported-env>
</entry>
