<?xml version="1.0" encoding="UTF-8"?>
<!DOCTYPE entry SYSTEM "SamplesInfo.dtd">
<entry>
    <name>Bandwidth Test</name>
    <description><![CDATA[This is a simple test program to measure the memcopy bandwidth of the GPU and memcpy bandwidth across PCI-e.  This test application is capable of measuring device to device copy bandwidth, host to device copy bandwidth for pageable and page-locked memory, and device to host copy bandwidth for pageable and page-locked memory.]]></description>
    <whitepaper></whitepaper>
    <supported_sm_architectures>
        <include>all</include>
    </supported_sm_architectures>
    <keywords>GPGPU,bandwidth</keywords>
    <scope>1:CUDA Basic Topics,1:Performance Strategies</scope>
    <files>
    </files>
    <cudaapi>cudaSetDevice</cudaapi>
    <cudaapi>cudaHostAlloc</cudaapi>
    <cudaapi>cudaFree</cudaapi>
    <cudaapi>cudaMallocHost</cudaapi>
    <cudaapi>cudaFreeHost</cudaapi>
    <cudaapi>cudaMemcpy</cudaapi>
    <cudaapi>cudaMemcpyAsync</cudaapi>
    <cudaapi>cudaEventCreate</cudaapi>
    <cudaapi>cudaEventRecord</cudaapi>
    <cudaapi>cudaEventDestroy</cudaapi>
    <cudaapi>cudaDeviceSynchronize</cudaapi>
    <cudaapi>cudaEventElapsedTime</cudaapi>
    <keyconcepts level="basic">CUDA Streams and Events</keyconcepts>
    <keyconcepts level="basic">Performance Strategies</keyconcepts>
    <include-path>./</include-path>
    <include-path>../</include-path>
    <include-path>../../common/inc</include-path>
    <devicecompilation>whole</devicecompilation>
    <sm-arch>sm20</sm-arch>
    <sm-arch>sm30</sm-arch>
    <sm-arch>sm32</sm-arch>
    <sm-arch>sm35</sm-arch>
    <sm-arch>sm37</sm-arch>
    <sm-arch>sm50</sm-arch>
    <sm-arch>sm52</sm-arch>
    <sm-arch>sm53</sm-arch>
    <type>exe</type>
    <primary-file>bandwidthTest.cu</primary-file>
    <supported-env>linux:x86_64, linux:i686, windows7, macosx:x86_64, macosx:i686, :arm, linux:ppc64le</supported-env>
</entry>
