<?xml version="1.0" encoding="UTF-8"?>
<!DOCTYPE entry SYSTEM "SamplesInfo.dtd">
<entry>
    <name>Concurrent Kernels</name>
    <description><![CDATA[This sample demonstrates the use of CUDA streams for concurrent execution of several kernels on devices of compute capability 2.0 or higher.  Devices of compute capability 1.x will run the kernels sequentially.  It also illustrates how to introduce dependencies between CUDA streams with the new cudaStreamWaitEvent function introduced in CUDA 3.2]]></description>
    <whitepaper></whitepaper>
    <supported_sm_architectures>
        <include>all</include>
    </supported_sm_architectures>
    <keywords>CUDA,Concurrent Kernels,Fermi</keywords>
    <scope>1:CUDA Advanced Topics,1:Performance Strategies</scope>
    <files>
    </files>
    <cudaapi></cudaapi>
    <keyconcepts level="advanced">Performance Strategies</keyconcepts>
    <include-path>./</include-path>
    <include-path>../</include-path>
    <include-path>../../common/inc</include-path>
    <devicecompilation>whole</devicecompilation>
    <sm-arch>sm20</sm-arch>
    <sm-arch>sm30</sm-arch>
    <sm-arch>sm32</sm-arch>
    <sm-arch>sm35</sm-arch>
    <sm-arch>sm37</sm-arch>
    <sm-arch>sm50</sm-arch>
    <sm-arch>sm52</sm-arch>
    <sm-arch>sm53</sm-arch>
    <type>exe</type>
    <primary-file>concurrentKernels.cu</primary-file>
    <supported-env>linux:x86_64, linux:i686, windows7, macosx:x86_64, macosx:i686, :arm, linux:ppc64le</supported-env>
</entry>
