<?xml version="1.0" encoding="UTF-8"?>
<!DOCTYPE entry SYSTEM "SamplesInfo.dtd">
<entry>
    <name>simpleAssert</name>
    <description><![CDATA[This CUDA Runtime API sample is a very basic sample that implements how to use the assert function in the device code. Requires Compute Capability 2.0 .]]></description>
    <whitepaper></whitepaper>
    <supported_sm_architectures>
        <include>all</include>
    </supported_sm_architectures>
    <keywords>GPGPU</keywords>
    <scope>1:CUDA Basic Topics</scope>
    <files>
    </files>
    <cudaapi>cudaMalloc</cudaapi>
    <cudaapi>cudaMallocHost</cudaapi>
    <cudaapi>cudaFree</cudaapi>
    <cudaapi>cudaFreeHost</cudaapi>
    <cudaapi>cudaMemcpy</cudaapi>
    <keyconcepts level="basic">Assert</keyconcepts>
    <include-path>./</include-path>
    <include-path>../</include-path>
    <include-path>../../common/inc</include-path>
    <devicecompilation>whole</devicecompilation>
    <sm-arch>sm20</sm-arch>
    <sm-arch>sm30</sm-arch>
    <sm-arch>sm32</sm-arch>
    <sm-arch>sm35</sm-arch>
    <sm-arch>sm37</sm-arch>
    <sm-arch>sm50</sm-arch>
    <sm-arch>sm52</sm-arch>
    <sm-arch>sm53</sm-arch>
    <type>exe</type>
    <primary-file>simpleAssert.cu</primary-file>
    <supported-env>linux:x86_64, linux:i686, windows7, :arm, linux:ppc64le</supported-env>
</entry>
