<?xml version="1.0" encoding="UTF-8"?>
<!DOCTYPE entry SYSTEM "SamplesInfo.dtd">
<entry>
    <name>Clock libNVRTC</name>
    <description><![CDATA[This example shows how to use the clock function using libNVRTC to measure the performance of kernel accurately.]]></description>
    <whitepaper></whitepaper>
    <supported_sm_architectures>
        <include>all</include>
    </supported_sm_architectures>
    <keywords>libNVRTC,performance,timing,CUDA,clock,timer</keywords>
    <scope>1:CUDA Basic Topics,1:Performance Strategies</scope>
    <files>
    </files>
    <cudaapi>cudaMalloc</cudaapi>
    <cudaapi>cudaFree</cudaapi>
    <cudaapi>cudaMemcpy</cudaapi>
    <keyconcepts level="basic">Performance Strategies</keyconcepts>
    <keyconcepts level="advanced">Runtime Compilation</keyconcepts>
    <library os="linux">cuda</library>
    <library os="windows">cuda</library>
    <library os="macosx" framework="true">CUDA</library>
    <library>nvrtc</library>
    <include-path>./</include-path>
    <include-path>../</include-path>
    <include-path>../../common/inc</include-path>
    <include-path>$(CUDA_PATH)/include</include-path>
    <devicecompilation>whole</devicecompilation>
    <type>exe</type>
    <primary-file>clock.cpp</primary-file>
    <required_dependencies>
        <dependency>NVRTC</dependency>
    </required_dependencies>
    <supported-env>linux:x86_64, windows7:x86_64, macosx:x86_64, linux:ppc64le</supported-env>
    <no-nsight-eclipse/>
</entry>
