<?xml version="1.0" encoding="UTF-8"?>
<!DOCTYPE entry SYSTEM "SamplesInfo.dtd">
<entry>
    <name>simplePrintf</name>
    <description><![CDATA[This CUDA Runtime API sample is a very basic sample that implements how to use the printf function in the device code.]]></description>
    <whitepaper></whitepaper>
    <supported_sm_architectures>
        <include>all</include>
    </supported_sm_architectures>
    <keywords>GPGPU</keywords>
    <scope>1:CUDA Basic Topics</scope>
    <files>
        <file>doc/cuPrintf_readme.htm</file>
    </files>
    <cudaapi></cudaapi>
    <keyconcepts level="basic">Debugging</keyconcepts>
    <include-path>./</include-path>
    <include-path>../</include-path>
    <include-path>../../common/inc</include-path>
    <devicecompilation>whole</devicecompilation>
    <sm-arch>sm20</sm-arch>
    <sm-arch>sm30</sm-arch>
    <sm-arch>sm32</sm-arch>
    <sm-arch>sm35</sm-arch>
    <sm-arch>sm37</sm-arch>
    <sm-arch>sm50</sm-arch>
    <sm-arch>sm52</sm-arch>
    <sm-arch>sm53</sm-arch>
    <type>exe</type>
    <primary-file>simplePrintf.cu</primary-file>
    <supported-env>linux:x86_64, linux:i686, windows7, macosx:x86_64, macosx:i686, :arm, linux:ppc64le</supported-env>
    <no-nsight-eclipse/>
</entry>
