<?xml version="1.0" encoding="UTF-8"?>
<!DOCTYPE entry SYSTEM "SamplesInfo.dtd">
<entry>
    <name>Pitch Linear Texture</name>
    <description><![CDATA[Use of Pitch Linear Textures]]></description>
    <whitepaper></whitepaper>
    <supported_sm_architectures>
        <include>all</include>
    </supported_sm_architectures>
    <keywords>GPGPU,Texture</keywords>
    <scope>1:CUDA Basic Topics,2:Image Processing</scope>
    <files>
    </files>
    <cudaapi>cudaMallocPitch</cudaapi>
    <cudaapi>cudaMallocArray</cudaapi>
    <cudaapi>cudaMemcpy2D</cudaapi>
    <cudaapi>cudaMemcpyToArray</cudaapi>
    <cudaapi>cudaBindTexture2D</cudaapi>
    <cudaapi>cudaBindTextureToArray</cudaapi>
    <cudaapi>cudaCreateChannelDesc</cudaapi>
    <cudaapi>cudaMalloc</cudaapi>
    <cudaapi>cudaFree</cudaapi>
    <cudaapi>cudaFreeArray</cudaapi>
    <cudaapi>cudaUnbindTexture</cudaapi>
    <cudaapi>cudaMemset2D</cudaapi>
    <cudaapi>cudaMemcpy2D</cudaapi>
    <keyconcepts level="basic">Texture</keyconcepts>
    <keyconcepts level="basic">Image Processing</keyconcepts>
    <include-path>./</include-path>
    <include-path>../</include-path>
    <include-path>../../common/inc</include-path>
    <devicecompilation>whole</devicecompilation>
    <sm-arch>sm20</sm-arch>
    <sm-arch>sm30</sm-arch>
    <sm-arch>sm32</sm-arch>
    <sm-arch>sm35</sm-arch>
    <sm-arch>sm37</sm-arch>
    <sm-arch>sm50</sm-arch>
    <sm-arch>sm52</sm-arch>
    <sm-arch>sm53</sm-arch>
    <type>exe</type>
    <primary-file>simplePitchLinearTexture.cu</primary-file>
    <supported-env>linux:x86_64, linux:i686, windows7, macosx:x86_64, macosx:i686, :arm, linux:ppc64le</supported-env>
</entry>
