<?xml version="1.0" encoding="UTF-8"?>
<!DOCTYPE entry SYSTEM "SamplesInfo.dtd">
<entry>
    <name>cppOverload</name>
    <description><![CDATA[This sample demonstrates how to use C++ function overloading on the GPU.]]></description>
    <whitepaper></whitepaper>
    <supported_sm_architectures>
        <include>all</include>
    </supported_sm_architectures>
    <keywords>GPGPU</keywords>
    <scope>1:CUDA Basic Topics,1:Performance Strategies</scope>
    <files>
    </files>
    <cudaapi>cudaFuncSetCacheConfig</cudaapi>
    <cudaapi>cudaFuncGetAttributes</cudaapi>
    <keyconcepts level="basic">C++ Function Overloading</keyconcepts>
    <keyconcepts level="basic">CUDA Streams and Events</keyconcepts>
    <include-path>./</include-path>
    <include-path>../</include-path>
    <include-path>../../common/inc</include-path>
    <devicecompilation>whole</devicecompilation>
    <sm-arch>sm20</sm-arch>
    <sm-arch>sm30</sm-arch>
    <sm-arch>sm32</sm-arch>
    <sm-arch>sm35</sm-arch>
    <sm-arch>sm37</sm-arch>
    <sm-arch>sm50</sm-arch>
    <sm-arch>sm52</sm-arch>
    <sm-arch>sm53</sm-arch>
    <type>exe</type>
    <primary-file>cppOverload_kernel.cu</primary-file>
    <supported-env>linux:x86_64, linux:i686, windows7, macosx:x86_64, macosx:i686, :arm, linux:ppc64le</supported-env>
</entry>
