<?xml version="1.0" encoding="UTF-8"?>
<!DOCTYPE entry SYSTEM "SamplesInfo.dtd">
<entry>
    <name>1D Discrete Haar Wavelet Decomposition</name>
    <description><![CDATA[Discrete Haar wavelet decomposition for 1D signals with a length which is a power of 2.]]></description>
    <whitepaper></whitepaper>
    <supported_sm_architectures>
        <include>all</include>
    </supported_sm_architectures>
    <keywords></keywords>
    <scope>1:CUDA Advanced Topics,2:Image Processing,2:Data Compression,2:Video Codecs,2:Computer Vision</scope>
    <files>
    </files>
    <cudaapi></cudaapi>
    <keyconcepts level="advanced">Image Processing</keyconcepts>
    <keyconcepts level="advanced">Video Compression</keyconcepts>
    <include-path>./</include-path>
    <include-path>../</include-path>
    <include-path>../../common/inc</include-path>
    <devicecompilation>whole</devicecompilation>
    <sm-arch>sm20</sm-arch>
    <sm-arch>sm30</sm-arch>
    <sm-arch>sm32</sm-arch>
    <sm-arch>sm35</sm-arch>
    <sm-arch>sm37</sm-arch>
    <sm-arch>sm50</sm-arch>
    <sm-arch>sm52</sm-arch>
    <sm-arch>sm53</sm-arch>
    <type>exe</type>
    <primary-file>dwtHaar1D.cu</primary-file>
    <supported-env>linux:x86_64, linux:i686, windows7, macosx:x86_64, macosx:i686, :arm, linux:ppc64le</supported-env>
</entry>
