<?xml version="1.0" encoding="UTF-8"?>
<!DOCTYPE entry SYSTEM "SamplesInfo.dtd">
<entry>
    <name>FFT-Based 2D Convolution</name>
    <description><![CDATA[This sample demonstrates how 2D convolutions with very large kernel sizes can be efficiently implemented using FFT transformations.]]></description>
    <whitepaper></whitepaper>
    <supported_sm_architectures>
        <include>all</include>
    </supported_sm_architectures>
    <keywords>CUDA,CUFFT,DSP,non-separable convolution,finite impulse-response filter,Image Processing</keywords>
    <scope>1:CUDA Advanced Topics,2:Image Processing,2:Computer Vision</scope>
    <files>
    </files>
    <cudaapi>cufftPlan2d</cudaapi>
    <cudaapi>cufftExecR2C</cudaapi>
    <cudaapi>cufftExecC2R</cudaapi>
    <cudaapi>cufftDestroy</cudaapi>
    <keyconcepts level="advanced">Image Processing</keyconcepts>
    <keyconcepts level="advanced">CUFFT Library</keyconcepts>
    <library>cufft</library>
    <include-path>./</include-path>
    <include-path>../</include-path>
    <include-path>../../common/inc</include-path>
    <devicecompilation>whole</devicecompilation>
    <sm-arch>sm20</sm-arch>
    <sm-arch>sm30</sm-arch>
    <sm-arch>sm32</sm-arch>
    <sm-arch>sm35</sm-arch>
    <sm-arch>sm37</sm-arch>
    <sm-arch>sm50</sm-arch>
    <sm-arch>sm52</sm-arch>
    <sm-arch>sm53</sm-arch>
    <type>exe</type>
    <primary-file>main.cpp</primary-file>
    <required_dependencies>
        <dependency>CUFFT</dependency>
    </required_dependencies>
    <supported-env>linux:x86_64, linux:i686, windows7, macosx:x86_64, macosx:i686, :arm, linux:ppc64le</supported-env>
</entry>
