<?xml version="1.0" encoding="UTF-8"?>
<!DOCTYPE entry SYSTEM "SamplesInfo.dtd">
<entry>
    <name>CUDA N-Body Simulation</name>
    <description><![CDATA[This sample demonstrates efficient all-pairs simulation of a gravitational n-body simulation in CUDA.  This sample accompanies the GPU Gems 3 chapter "Fast N-Body Simulation with CUDA".  With CUDA 5.5, performance on Tesla K20c has increased to over 1.8TFLOP/s single precision.  Double Performance has also improved on all Kepler and Fermi GPU architectures as well.  Starting in CUDA 4.0, the nBody sample has been updated to take advantage of new features to easily scale the n-body simulation across multiple GPUs in a single PC.  Adding "-numbodies=<bodies>" to the command line will allow users to set # of bodies for simulation.  Adding “-numdevices=<N>” to the command line option will cause the sample to use N devices (if available) for simulation.  In this mode, the position and velocity data for all bodies are read from system memory using “zero copy” rather than from device memory.  For a small number of devices (4 or fewer) and a large enough number of bodies, bandwidth is not a bottleneck so we can achieve strong scaling across these devices.]]></description>
    <whitepaper>doc/nbody_gems3_ch31.pdf</whitepaper>
    <supported_sm_architectures>
        <include>all</include>
    </supported_sm_architectures>
    <keywords>CUDA,GPGPU,n-body,simulation,astrophysics,opengl</keywords>
    <scope>2:Graphics Interop,1:CUDA Advanced Topics,1:Data-Parallel Algorithms,3:Physically-Based Simulation</scope>
    <files>
        <file>./galaxy_20K.bin</file>
        <file>./CMakeLists.txt</file>
    </files>
    <qatests>
        <qatest>-benchmark -compare -cpu</qatest>
    </qatests>
    <cudaapi>cudaGLSetGLDevice</cudaapi>
    <cudaapi>cudaGraphicsMapResources</cudaapi>
    <cudaapi>cudaGraphicsUnmapResources</cudaapi>
    <cudaapi>cudaGraphicsResourceGetMappedPointer</cudaapi>
    <cudaapi>cudaGraphicsRegisterResource</cudaapi>
    <cudaapi>cudaGraphicsGLRegisterBuffer</cudaapi>
    <cudaapi>cudaGraphicsUnregisterResource</cudaapi>
    <keyconcepts level="advanced">Graphics Interop</keyconcepts>
    <keyconcepts level="advanced">Data Parallel Algorithms</keyconcepts>
    <keyconcepts level="advanced">Physically-Based Simulation</keyconcepts>
    <library>GLU</library>
    <library>GL</library>
    <library os="macosx" framework="true">GLUT</library>
    <library os="linux">X11</library>
    <library os="linux">GLEW</library>
    <library os="linux">glut</library>
    <library os="linux">Xi</library>
    <library os="linux">Xmu</library>
    <library-path os="windows" arch="x86_64">../../common/lib/x64</library-path>
    <library-path os="windows" arch="Win32">../../common/lib/Win32</library-path>
    <library-path os="linux" arch="x86_64">../../common/lib/linux/x86_64</library-path>
    <library-path os="linux" arch="i686">../../common/lib/linux/i686</library-path>
    <library-path os="linux" arch="armv7l">../../common/lib/linux/armv7l</library-path>
    <library-path os="macosx">../../common/lib/darwin</library-path>
    <include-path>./</include-path>
    <include-path>../</include-path>
    <include-path>../../common/inc</include-path>
    <devicecompilation>whole</devicecompilation>
    <sm-arch>sm20</sm-arch>
    <sm-arch>sm30</sm-arch>
    <sm-arch>sm32</sm-arch>
    <sm-arch>sm35</sm-arch>
    <sm-arch>sm37</sm-arch>
    <sm-arch>sm50</sm-arch>
    <sm-arch>sm52</sm-arch>
    <sm-arch>sm53</sm-arch>
    <type>exe</type>
    <primary-file>nbody.cpp</primary-file>
    <required_dependencies>
        <dependency>X11</dependency>
        <dependency>GL</dependency>
    </required_dependencies>
    <supported-env>linux:x86_64, linux:i686, windows7, macosx:x86_64, macosx:i686, :arm</supported-env>
</entry>
