<?xml version="1.0" encoding="UTF-8"?>
<!DOCTYPE entry SYSTEM "SamplesInfo.dtd">
<entry>
    <name>Sobel Filter</name>
    <description><![CDATA[This sample implements the Sobel edge detection filter for 8-bit monochrome images.]]></description>
    <whitepaper></whitepaper>
    <supported_sm_architectures>
        <include>all</include>
    </supported_sm_architectures>
    <keywords>CUDA,GPGPU,convolution,separable convolution,Image Processing,filter,finite impulse-response filter</keywords>
    <scope>2:Graphics Interop,2:Texture,1:CUDA Advanced Topics,2:Image Processing,2:Computer Vision</scope>
    <files>
        <file>data\lena.pgm</file>
        <file>data\ref_orig.pgm</file>
        <file>data\ref_tex.pgm</file>
        <file>data\ref_shared.pgm</file>
    </files>
    <qatests>
        <qatest>-mode=0 -file=ref_orig.pgm</qatest>
        <qatest>-mode=1 -file=ref_tex.pgm</qatest>
        <qatest>-mode=2 -file=ref_shared.pgm</qatest>
    </qatests>
    <cudaapi>cudaGLSetGLDevice</cudaapi>
    <cudaapi>cudaGraphicsMapResources</cudaapi>
    <cudaapi>cudaGraphicsUnmapResources</cudaapi>
    <cudaapi>cudaGraphicsResourceGetMappedPointer</cudaapi>
    <cudaapi>cudaGraphicsRegisterResource</cudaapi>
    <cudaapi>cudaGraphicsGLRegisterBuffer</cudaapi>
    <cudaapi>cudaGraphicsUnregisterResource</cudaapi>
    <keyconcepts level="advanced">Graphics Interop</keyconcepts>
    <keyconcepts level="advanced">Image Processing</keyconcepts>
    <library>GLU</library>
    <library>GL</library>
    <library os="macosx" framework="true">GLUT</library>
    <library os="linux">X11</library>
    <library os="linux">GLEW</library>
    <library os="linux">glut</library>
    <library os="linux">Xi</library>
    <library os="linux">Xmu</library>
    <library-path os="windows" arch="x86_64">../../common/lib/x64</library-path>
    <library-path os="windows" arch="Win32">../../common/lib/Win32</library-path>
    <library-path os="linux" arch="x86_64">../../common/lib/linux/x86_64</library-path>
    <library-path os="linux" arch="i686">../../common/lib/linux/i686</library-path>
    <library-path os="linux" arch="armv7l">../../common/lib/linux/armv7l</library-path>
    <library-path os="macosx">../../common/lib/darwin</library-path>
    <include-path>./</include-path>
    <include-path>../</include-path>
    <include-path>../../common/inc</include-path>
    <devicecompilation>whole</devicecompilation>
    <sm-arch>sm20</sm-arch>
    <sm-arch>sm30</sm-arch>
    <sm-arch>sm32</sm-arch>
    <sm-arch>sm35</sm-arch>
    <sm-arch>sm37</sm-arch>
    <sm-arch>sm50</sm-arch>
    <sm-arch>sm52</sm-arch>
    <sm-arch>sm53</sm-arch>
    <type>exe</type>
    <primary-file>SobelFilter.cpp</primary-file>
    <required_dependencies>
        <dependency>X11</dependency>
        <dependency>GL</dependency>
    </required_dependencies>
    <supported-env>linux:x86_64, linux:i686, windows7, macosx:x86_64, macosx:i686, :arm</supported-env>
</entry>
