<?xml version="1.0" encoding="UTF-8"?>
<!DOCTYPE entry SYSTEM "SamplesInfo.dtd">
<entry>
    <name>Device Query</name>
    <description><![CDATA[This sample enumerates the properties of the CUDA devices present in the system.]]></description>
    <whitepaper></whitepaper>
    <supported_sm_architectures>
        <include>all</include>
    </supported_sm_architectures>
    <keywords></keywords>
    <scope>1:CUDA Basic Topics</scope>
    <files>
    </files>
    <cudaapi>cudaSetDevice</cudaapi>
    <cudaapi>cudaGetDeviceCount</cudaapi>
    <cudaapi>cudaGetDeviceProperties</cudaapi>
    <cudaapi>cudaDriverGetVersion</cudaapi>
    <cudaapi>cudaRuntimeGetVersion</cudaapi>
    <keyconcepts level="basic">CUDA Runtime API</keyconcepts>
    <keyconcepts level="basic">Device Query</keyconcepts>
    <include-path>./</include-path>
    <include-path>../</include-path>
    <include-path>../../common/inc</include-path>
    <devicecompilation>whole</devicecompilation>
    <sm-arch>sm20</sm-arch>
    <sm-arch>sm30</sm-arch>
    <sm-arch>sm32</sm-arch>
    <sm-arch>sm35</sm-arch>
    <sm-arch>sm37</sm-arch>
    <sm-arch>sm50</sm-arch>
    <sm-arch>sm52</sm-arch>
    <sm-arch>sm53</sm-arch>
    <type>exe</type>
    <primary-file>deviceQuery.cpp</primary-file>
    <supported-env>linux:x86_64, linux:i686, windows7, macosx:x86_64, macosx:i686, :arm, linux:ppc64le</supported-env>
</entry>
