<?xml version="1.0" encoding="UTF-8"?>
<!DOCTYPE entry SYSTEM "SamplesInfo.dtd">
<entry>
    <name>simpleIPC</name>
    <description><![CDATA[This CUDA Runtime API sample is a very basic sample that demonstrates Inter Process Communication with one process per GPU for computation.  Requires Compute Capability 2.0 or higher and a Linux Operating System]]></description>
    <whitepaper></whitepaper>
    <supported_sm_architectures>
        <include>all</include>
    </supported_sm_architectures>
    <keywords>GPGPU</keywords>
    <scope>1:CUDA Basic Topics,1:CUDA Systems Integration</scope>
    <files>
    </files>
    <cudaapi>cudaIpcGetEventHandlet</cudaapi>
    <cudaapi>cudaIpcOpenMemHandle</cudaapi>
    <cudaapi>cudaIpcCloseMemHandle</cudaapi>
    <cudaapi>cudaFreeHost</cudaapi>
    <cudaapi>cudaMemcpy</cudaapi>
    <keyconcepts level="basic">CUDA Systems Integration</keyconcepts>
    <keyconcepts level="basic">Peer to Peer</keyconcepts>
    <keyconcepts level="basic">InterProcess Communication</keyconcepts>
    <include-path>./</include-path>
    <include-path>../</include-path>
    <include-path>../../common/inc</include-path>
    <devicecompilation>whole</devicecompilation>
    <sm-arch>sm20</sm-arch>
    <sm-arch>sm30</sm-arch>
    <sm-arch>sm32</sm-arch>
    <sm-arch>sm35</sm-arch>
    <sm-arch>sm37</sm-arch>
    <sm-arch>sm50</sm-arch>
    <sm-arch>sm52</sm-arch>
    <sm-arch>sm53</sm-arch>
    <type>exe</type>
    <primary-file>simpleIPC.cu</primary-file>
    <required_dependencies>
        <dependency>IPC</dependency>
    </required_dependencies>
    <supported-env>linux:x86_64, linux:i686, linux:ppc64le</supported-env>
</entry>
