<?xml version="1.0" encoding="UTF-8"?>
<!DOCTYPE entry SYSTEM "SamplesInfo.dtd">
<entry>
    <name>simpleMPI</name>
    <description><![CDATA[Simple example demonstrating how to use MPI in combination with CUDA.]]></description>
    <whitepaper></whitepaper>
    <supported_sm_architectures>
        <include>all</include>
    </supported_sm_architectures>
    <keywords>CUDA,MPI,cluster</keywords>
    <scope>3:Linear Algebra,1:CUDA Systems Integration</scope>
    <files>
    </files>
    <cudaapi>cudaMallco</cudaapi>
    <cudaapi>cudaFree</cudaapi>
    <cudaapi>cudaMemcpy</cudaapi>
    <keyconcepts level="basic">CUDA Systems Integration</keyconcepts>
    <keyconcepts level="basic">MPI</keyconcepts>
    <keyconcepts level="basic">Multithreading</keyconcepts>
    <library>cudart</library>
    <library-path>$(CUDA_PATH)/lib$(LIBSIZE)</library-path>
    <include-path>./</include-path>
    <include-path>../</include-path>
    <include-path>../../common/inc</include-path>
    <devicecompilation>whole</devicecompilation>
    <sm-arch>sm20</sm-arch>
    <sm-arch>sm30</sm-arch>
    <sm-arch>sm32</sm-arch>
    <sm-arch>sm35</sm-arch>
    <sm-arch>sm37</sm-arch>
    <sm-arch>sm50</sm-arch>
    <sm-arch>sm52</sm-arch>
    <sm-arch>sm53</sm-arch>
    <type>exe</type>
    <primary-file>simpleMPI.cpp</primary-file>
    <required_dependencies>
        <dependency>MPI</dependency>
    </required_dependencies>
    <supported-env>linux:x86_64, linux:i686, windows7, macosx:x86_64, macosx:i686, :arm, linux:ppc64le</supported-env>
    <no-nsight-eclipse/>
</entry>
