<?xml version="1.0" encoding="UTF-8"?>
<!DOCTYPE entry SYSTEM "SamplesInfo.dtd">
<entry>
    <name>Fluids (OpenGL Version)</name>
    <description><![CDATA[An example of fluid simulation using CUDA and CUFFT, with OpenGL rendering.]]></description>
    <whitepaper>doc\fluidsGL.pdf</whitepaper>
    <supported_sm_architectures>
        <include>all</include>
    </supported_sm_architectures>
    <keywords>CUDA,CUFFT,GPGPU,Fluid Simulation,FFT</keywords>
    <scope>2:Graphics Interop,1:CUDA Advanced Topics,3:Physically-Based Simulation</scope>
    <files>
        <file>data\ref_fluidsGL.ppm</file>
    </files>
    <qatests>
        <qatest>-file=ref_fluidsGL.ppm</qatest>
    </qatests>
    <cudaapi>cudaGLSetGLDevice</cudaapi>
    <cudaapi>cudaGraphicsMapResources</cudaapi>
    <cudaapi>cudaGraphicsUnmapResources</cudaapi>
    <cudaapi>cudaGraphicsResourceGetMappedPointer</cudaapi>
    <cudaapi>cudaGraphicsRegisterResource</cudaapi>
    <cudaapi>cudaGraphicsGLRegisterBuffer</cudaapi>
    <cudaapi>cudaGraphicsUnregisterResource</cudaapi>
    <keyconcepts level="advanced">Graphics Interop</keyconcepts>
    <keyconcepts level="advanced">CUFFT Library</keyconcepts>
    <keyconcepts level="advanced">Physically-Based Simulation</keyconcepts>
    <library>cufft</library>
    <library>GLU</library>
    <library>GL</library>
    <library os="macosx" framework="true">GLUT</library>
    <library os="linux">X11</library>
    <library os="linux">GLEW</library>
    <library os="linux">glut</library>
    <library os="linux">Xi</library>
    <library os="linux">Xmu</library>
    <library-path os="windows" arch="x86_64">../../common/lib/x64</library-path>
    <library-path os="windows" arch="Win32">../../common/lib/Win32</library-path>
    <library-path os="linux" arch="x86_64">../../common/lib/linux/x86_64</library-path>
    <library-path os="linux" arch="i686">../../common/lib/linux/i686</library-path>
    <library-path os="linux" arch="armv7l">../../common/lib/linux/armv7l</library-path>
    <library-path os="macosx">../../common/lib/darwin</library-path>
    <include-path>./</include-path>
    <include-path>../</include-path>
    <include-path>../../common/inc</include-path>
    <devicecompilation>whole</devicecompilation>
    <sm-arch>sm20</sm-arch>
    <sm-arch>sm30</sm-arch>
    <sm-arch>sm32</sm-arch>
    <sm-arch>sm35</sm-arch>
    <sm-arch>sm37</sm-arch>
    <sm-arch>sm50</sm-arch>
    <sm-arch>sm52</sm-arch>
    <sm-arch>sm53</sm-arch>
    <type>exe</type>
    <primary-file>fluidsGL.cpp</primary-file>
    <required_dependencies>
        <dependency>X11</dependency>
        <dependency>GL</dependency>
        <dependency>CUFFT</dependency>
    </required_dependencies>
    <supported-env>linux:x86_64, linux:i686, windows7, macosx:x86_64, macosx:i686, :arm</supported-env>
</entry>
