<?xml version="1.0" encoding="UTF-8"?>
<!DOCTYPE entry SYSTEM "SamplesInfo.dtd">
<entry>
    <name>Image denoising</name>
    <description><![CDATA[This sample demonstrates two adaptive image denoising techniques: KNN and NLM, based on computation of both geometric and color distance between texels. While both techniques are implemented in the DirectX SDK using shaders, massively speeded up variation of the latter technique, taking advantage of shared memory, is implemented in addition to DirectX counterparts.]]></description>
    <whitepaper>doc\imageDenoising.pdf</whitepaper>
    <supported_sm_architectures>
        <include>all</include>
    </supported_sm_architectures>
    <keywords>CUDA,Image Processing,noise reduction</keywords>
    <scope>1:CUDA Advanced Topics,2:Image Processing,2:Computer Vision</scope>
    <files>
        <file>data\portrait_noise.bmp</file>
        <file>data\ref_passthru.ppm</file>
        <file>data\ref_knn.ppm</file>
        <file>data\ref_nlm.ppm</file>
        <file>data\ref_nlm2.ppm</file>
    </files>
    <qatests>
        <qatest>-kernel=0 -file=ref_passthru.ppm</qatest>
        <qatest>-kernel=1 -file=ref_knn.ppm</qatest>
        <qatest>-kernel=2 -file=ref_nlm.ppm</qatest>
        <qatest>-kernel=3 -file=ref_nlm2.ppm</qatest>
    </qatests>
    <cudaapi></cudaapi>
    <keyconcepts level="advanced">Image Processing</keyconcepts>
    <library>GLU</library>
    <library>GL</library>
    <library os="macosx" framework="true">GLUT</library>
    <library os="linux">X11</library>
    <library os="linux">GLEW</library>
    <library os="linux">glut</library>
    <library os="linux">Xi</library>
    <library os="linux">Xmu</library>
    <library-path os="windows" arch="x86_64">../../common/lib/x64</library-path>
    <library-path os="windows" arch="Win32">../../common/lib/Win32</library-path>
    <library-path os="linux" arch="x86_64">../../common/lib/linux/x86_64</library-path>
    <library-path os="linux" arch="i686">../../common/lib/linux/i686</library-path>
    <library-path os="linux" arch="armv7l">../../common/lib/linux/armv7l</library-path>
    <library-path os="macosx">../../common/lib/darwin</library-path>
    <include-path>./</include-path>
    <include-path>../</include-path>
    <include-path>../../common/inc</include-path>
    <devicecompilation>whole</devicecompilation>
    <sm-arch>sm20</sm-arch>
    <sm-arch>sm30</sm-arch>
    <sm-arch>sm32</sm-arch>
    <sm-arch>sm35</sm-arch>
    <sm-arch>sm37</sm-arch>
    <sm-arch>sm50</sm-arch>
    <sm-arch>sm52</sm-arch>
    <sm-arch>sm53</sm-arch>
    <type>exe</type>
    <primary-file>imageDenoising.cu</primary-file>
    <required_dependencies>
        <dependency>X11</dependency>
        <dependency>GL</dependency>
    </required_dependencies>
    <supported-env>linux:x86_64, linux:i686, windows7, macosx:x86_64, macosx:i686, :arm</supported-env>
</entry>
