<?xml version="1.0" encoding="UTF-8"?>
<!DOCTYPE entry SYSTEM "SamplesInfo.dtd">
<entry>
    <name>Niederreiter Quasirandom Sequence Generator with libNVRTC</name>
    <description><![CDATA[This sample implements Niederreiter Quasirandom Sequence Generator and Inverse Cumulative Normal Distribution functions for the generation of Standard Normal Distributions, compiling the CUDA kernels involved at runtime using NVRTC.]]></description>
    <whitepaper></whitepaper>
    <supported_sm_architectures>
        <include>all</include>
    </supported_sm_architectures>
    <keywords>CUDA,Advanced Topics,Quasi-Monte Carlo Integration,Computational Finance.,libNVRTC</keywords>
    <scope>1:CUDA Advanced Topics,3:Computational Finance</scope>
    <files>
    </files>
    <cudaapi></cudaapi>
    <keyconcepts level="advanced">Computational Finance</keyconcepts>
    <keyconcepts level="advanced">Runtime Compilation</keyconcepts>
    <library os="linux">cuda</library>
    <library os="windows">cuda</library>
    <library os="macosx" framework="true">CUDA</library>
    <library>nvrtc</library>
    <include-path>./</include-path>
    <include-path>../</include-path>
    <include-path>../../common/inc</include-path>
    <include-path>$(CUDA_PATH)/include</include-path>
    <devicecompilation>whole</devicecompilation>
    <type>exe</type>
    <primary-file>quasirandomGenerator.cpp</primary-file>
    <required_dependencies>
        <dependency>NVRTC</dependency>
    </required_dependencies>
    <supported-env>linux:x86_64, windows7:x86_64, macosx:x86_64, linux:ppc64le</supported-env>
    <no-nsight-eclipse/>
</entry>
